{
  "run_name": "A_krum_f2_T60",
  "config": {
    "fl": {
      "rounds": 60,
      "global_lr": 1.0,
      "seed": 42
    },
    "local": {
      "lr": 0.1,
      "epochs": 1,
      "batch_size": 64,
      "weight_decay": 0.0
    },
    "agg": {
      "name": "krum",
      "trim_ratio": 0.2,
      "f": 2,
      "tcr_beta": 0.9,
      "tcr_lambda": 6.0,
      "tcr_distance": "l2",
      "drift_aware_reset": false,
      "drift_reset_threshold": 2.5
    },
    "data": {
      "domain_min": -1.0,
      "domain_max": 1.0,
      "n_clients": 10,
      "n_honest": 8,
      "n_malicious": 2,
      "samples_per_client_per_round": 200,
      "uniform_mix": 0.05,
      "trajectory": "velocity",
      "v_min": 0.005,
      "v_max": 0.02,
      "sigma_m": 0.01,
      "sigma1_min": 0.05,
      "sigma1_max": 0.12,
      "sigma2_min": 0.05,
      "sigma2_max": 0.12,
      "obstacle_map": {
        "centers": [
          [
            0.3,
            0.3
          ],
          [
            -0.4,
            0.2
          ],
          [
            0.0,
            -0.5
          ]
        ],
        "radii": [
          0.25,
          0.2,
          0.3
        ]
      },
      "task_switch": {
        "enabled": false,
        "switch_every": 15,
        "seed": 123
      },
      "poison_every": 3
    },
    "eval": {
      "test_size": 4000,
      "compute_asr": true
    }
  },
  "metrics": {
    "accuracy": [
      0.3735000193119049,
      0.31675001978874207,
      0.3895000219345093,
      0.559249997138977,
      0.8460000157356262,
      0.8362500667572021,
      0.8450000286102295,
      0.8457500338554382,
      0.8497500419616699,
      0.8512500524520874,
      0.8567500114440918,
      0.8495000600814819,
      0.8412500619888306,
      0.843000054359436,
      0.8605000376701355,
      0.846250057220459,
      0.8525000214576721,
      0.8495000600814819,
      0.8575000166893005,
      0.8485000133514404,
      0.8470000624656677,
      0.8537500500679016,
      0.8347500562667847,
      0.8437500596046448,
      0.8447500467300415,
      0.846750020980835,
      0.8500000238418579,
      0.846500039100647,
      0.8472500443458557,
      0.8502500653266907,
      0.8417500257492065,
      0.8567500114440918,
      0.8552500605583191,
      0.8490000367164612,
      0.8425000309944153,
      0.8545000553131104,
      0.8537500500679016,
      0.8422500491142273,
      0.8510000109672546,
      0.8410000205039978,
      0.8450000286102295,
      0.8517500162124634,
      0.8557500243186951,
      0.8415000438690186,
      0.8457500338554382,
      0.8487500548362732,
      0.8602500557899475,
      0.8417500257492065,
      0.8460000157356262,
      0.8447500467300415,
      0.8450000286102295,
      0.8525000214576721,
      0.846500039100647,
      0.8472500443458557,
      0.8492500185966492,
      0.843000054359436,
      0.8520000576972961,
      0.8515000343322754,
      0.8505000472068787,
      0.8510000109672546
    ],
    "error": [
      0.6264999806880951,
      0.6832499802112579,
      0.6104999780654907,
      0.44075000286102295,
      0.15399998426437378,
      0.16374993324279785,
      0.1549999713897705,
      0.15424996614456177,
      0.15024995803833008,
      0.1487499475479126,
      0.1432499885559082,
      0.15049993991851807,
      0.15874993801116943,
      0.15699994564056396,
      0.1394999623298645,
      0.15374994277954102,
      0.14749997854232788,
      0.15049993991851807,
      0.14249998331069946,
      0.15149998664855957,
      0.15299993753433228,
      0.1462499499320984,
      0.16524994373321533,
      0.15624994039535522,
      0.1552499532699585,
      0.15324997901916504,
      0.1499999761581421,
      0.15349996089935303,
      0.1527499556541443,
      0.14974993467330933,
      0.15824997425079346,
      0.1432499885559082,
      0.1447499394416809,
      0.15099996328353882,
      0.15749996900558472,
      0.14549994468688965,
      0.1462499499320984,
      0.1577499508857727,
      0.14899998903274536,
      0.1589999794960022,
      0.1549999713897705,
      0.14824998378753662,
      0.14424997568130493,
      0.15849995613098145,
      0.15424996614456177,
      0.1512499451637268,
      0.1397499442100525,
      0.15824997425079346,
      0.15399998426437378,
      0.1552499532699585,
      0.1549999713897705,
      0.14749997854232788,
      0.15349996089935303,
      0.1527499556541443,
      0.15074998140335083,
      0.15699994564056396,
      0.14799994230270386,
      0.1484999656677246,
      0.14949995279312134,
      0.14899998903274536
    ],
    "asr": -0.0105812579393387
  },
  "alphas": [
    null,
    null,
    null,
    null,
    null,
    null,
    null,
    null,
    null,
    null,
    null,
    null,
    null,
    null,
    null,
    null,
    null,
    null,
    null,
    null,
    null,
    null,
    null,
    null,
    null,
    null,
    null,
    null,
    null,
    null,
    null,
    null,
    null,
    null,
    null,
    null,
    null,
    null,
    null,
    null,
    null,
    null,
    null,
    null,
    null,
    null,
    null,
    null,
    null,
    null,
    null,
    null,
    null,
    null,
    null,
    null,
    null,
    null,
    null,
    null
  ],
  "malicious_ids": [
    8,
    9
  ]
}