{
  "run_name": "B_switch15_fedavg_T60",
  "config": {
    "fl": {
      "rounds": 60,
      "global_lr": 1.0,
      "seed": 42
    },
    "local": {
      "lr": 0.1,
      "epochs": 1,
      "batch_size": 64,
      "weight_decay": 0.0
    },
    "agg": {
      "name": "fedavg",
      "trim_ratio": 0.2,
      "f": 2,
      "tcr_beta": 0.9,
      "tcr_lambda": 6.0,
      "tcr_distance": "l2",
      "drift_aware_reset": false,
      "drift_reset_threshold": 2.5
    },
    "data": {
      "domain_min": -1.0,
      "domain_max": 1.0,
      "n_clients": 10,
      "n_honest": 8,
      "n_malicious": 2,
      "samples_per_client_per_round": 200,
      "uniform_mix": 0.05,
      "trajectory": "velocity",
      "v_min": 0.005,
      "v_max": 0.02,
      "sigma_m": 0.01,
      "sigma1_min": 0.05,
      "sigma1_max": 0.12,
      "sigma2_min": 0.05,
      "sigma2_max": 0.12,
      "obstacle_map": {
        "centers": [
          [
            0.3,
            0.3
          ],
          [
            -0.4,
            0.2
          ],
          [
            0.0,
            -0.5
          ]
        ],
        "radii": [
          0.25,
          0.2,
          0.3
        ]
      },
      "task_switch": {
        "enabled": true,
        "switch_every": 15,
        "seed": 123
      },
      "poison_every": 3
    },
    "eval": {
      "test_size": 4000,
      "compute_asr": true
    }
  },
  "metrics": {
    "accuracy": [
      0.27650001645088196,
      0.296500027179718,
      0.26900002360343933,
      0.30775001645088196,
      0.3615000247955322,
      0.39500001072883606,
      0.43925002217292786,
      0.48625001311302185,
      0.5285000205039978,
      0.6327500343322754,
      0.674750030040741,
      0.7032500505447388,
      0.7155000567436218,
      0.7880000472068787,
      0.8415000438690186,
      0.7037500143051147,
      0.6510000228881836,
      0.6220000386238098,
      0.6077500581741333,
      0.6220000386238098,
      0.5672500133514404,
      0.5972500443458557,
      0.5825000405311584,
      0.5645000338554382,
      0.5955000519752502,
      0.6007500290870667,
      0.5755000114440918,
      0.6030000448226929,
      0.6272500157356262,
      0.593500018119812,
      0.7835000157356262,
      0.8552500605583191,
      0.8560000658035278,
      0.8457500338554382,
      0.8527500629425049,
      0.8575000166893005,
      0.8562500476837158,
      0.8487500548362732,
      0.8490000367164612,
      0.8510000109672546,
      0.846500039100647,
      0.8550000190734863,
      0.846250057220459,
      0.843250036239624,
      0.8495000600814819,
      0.846750020980835,
      0.8565000295639038,
      0.8497500419616699,
      0.8610000610351562,
      0.8522500395774841,
      0.843500018119812,
      0.8655000329017639,
      0.8535000681877136,
      0.8425000309944153,
      0.8560000658035278,
      0.8367500305175781,
      0.8507500290870667,
      0.8535000681877136,
      0.8515000343322754,
      0.8515000343322754
    ],
    "error": [
      0.723499983549118,
      0.703499972820282,
      0.7309999763965607,
      0.692249983549118,
      0.6384999752044678,
      0.6049999892711639,
      0.5607499778270721,
      0.5137499868869781,
      0.4714999794960022,
      0.3672499656677246,
      0.32524996995925903,
      0.29674994945526123,
      0.2844999432563782,
      0.21199995279312134,
      0.15849995613098145,
      0.29624998569488525,
      0.3489999771118164,
      0.3779999613761902,
      0.3922499418258667,
      0.3779999613761902,
      0.43274998664855957,
      0.4027499556541443,
      0.41749995946884155,
      0.43549996614456177,
      0.40449994802474976,
      0.39924997091293335,
      0.4244999885559082,
      0.39699995517730713,
      0.3727499842643738,
      0.406499981880188,
      0.21649998426437378,
      0.1447499394416809,
      0.14399993419647217,
      0.15424996614456177,
      0.14724993705749512,
      0.14249998331069946,
      0.14374995231628418,
      0.1512499451637268,
      0.15099996328353882,
      0.14899998903274536,
      0.15349996089935303,
      0.14499998092651367,
      0.15374994277954102,
      0.15674996376037598,
      0.15049993991851807,
      0.15324997901916504,
      0.1434999704360962,
      0.15024995803833008,
      0.13899993896484375,
      0.14774996042251587,
      0.156499981880188,
      0.13449996709823608,
      0.14649993181228638,
      0.15749996900558472,
      0.14399993419647217,
      0.16324996948242188,
      0.14924997091293335,
      0.14649993181228638,
      0.1484999656677246,
      0.1484999656677246
    ],
    "asr": -0.004949992895126321
  },
  "alphas": [
    null,
    null,
    null,
    null,
    null,
    null,
    null,
    null,
    null,
    null,
    null,
    null,
    null,
    null,
    null,
    null,
    null,
    null,
    null,
    null,
    null,
    null,
    null,
    null,
    null,
    null,
    null,
    null,
    null,
    null,
    null,
    null,
    null,
    null,
    null,
    null,
    null,
    null,
    null,
    null,
    null,
    null,
    null,
    null,
    null,
    null,
    null,
    null,
    null,
    null,
    null,
    null,
    null,
    null,
    null,
    null,
    null,
    null,
    null,
    null
  ],
  "malicious_ids": [
    8,
    9
  ]
}